{"build_index_time (s)": 11.758406400680542, "encode_passage_time (s)": 0.38355183601379395}