{"build_index_time (s)": 12.211177825927734, "encode_passage_time (s)": 0.4972245693206787}