{"build_index_time (s)": 11.728285074234009, "encode_passage_time (s)": 0.4166982173919678}