{"total_encode_time_ms": 1694.5364439999998, "n_encode_query": 100, "average_encode_time_ms": 16.94536444}