{"build_index_time (s)": 15.265765190124512, "encode_passage_time (s)": 0.5239911079406738}