{"build_index_time (s)": 11.762856006622314, "encode_passage_time (s)": 0.38742518424987793}