{"build_index_time (s)": 11.819571495056152, "encode_passage_time (s)": 0.51727294921875}