{"total_encode_time_ms": 1482.9348479999999, "n_encode_query": 100, "average_encode_time_ms": 14.829348479999998}