{"build_index_time (s)": 12.130019187927246, "encode_passage_time (s)": 0.4487650394439697}