{"total_encode_time_ms": 1420.8385289999999, "n_encode_query": 100, "average_encode_time_ms": 14.208385289999999}