{"build_index_time (s)": 12.233330488204956, "encode_passage_time (s)": 0.5002014636993408}