{"build_index_time (s)": 11.705306053161621, "encode_passage_time (s)": 0.45830798149108887}