{"build_index_time (s)": 13.841186046600342, "encode_passage_time (s)": 0.5080134868621826}