{"total_encode_time_ms": 1383.521411, "n_encode_query": 100, "average_encode_time_ms": 13.835214109999999}