{"build_index_time (s)": 11.875486612319946, "encode_passage_time (s)": 0.5084948539733887}