{"total_encode_time_ms": 1343.885209, "n_encode_query": 100, "average_encode_time_ms": 13.438852090000001}