{"build_index_time (s)": 11.28890061378479, "encode_passage_time (s)": 0.4345102310180664}