{"build_index_time (s)": 11.596060752868652, "encode_passage_time (s)": 0.44638729095458984}