{"build_index_time (s)": 12.398892164230347, "encode_passage_time (s)": 0.48279500007629395}