{"build_index_time (s)": 13.441993713378906, "encode_passage_time (s)": 0.3703784942626953}