{"total_encode_time_ms": 1434.928039, "n_encode_query": 100, "average_encode_time_ms": 14.349280389999999}