{"build_index_time (s)": 12.695420742034912, "encode_passage_time (s)": 0.5173416137695312}