{"build_index_time (s)": 12.004533529281616, "encode_passage_time (s)": 0.4264810085296631}