{"build_index_time (s)": 11.15166187286377, "encode_passage_time (s)": 0.35986924171447754}