{"build_index_time (s)": 11.480666637420654, "encode_passage_time (s)": 0.4532177448272705}