{"total_encode_time_ms": 1361.4812379999998, "n_encode_query": 100, "average_encode_time_ms": 13.614812379999998}