{"build_index_time (s)": 15.668282985687256, "encode_passage_time (s)": 0.5644662380218506}