{"total_encode_time_ms": 1314.8252109999999, "n_encode_query": 100, "average_encode_time_ms": 13.148252109999998}