{"total_encode_time_ms": 1433.0175829999998, "n_encode_query": 100, "average_encode_time_ms": 14.330175829999998}