{"build_index_time (s)": 12.28030276298523, "encode_passage_time (s)": 0.43046045303344727}