{"build_index_time (s)": 13.833774328231812, "encode_passage_time (s)": 0.5432827472686768}