{"build_index_time (s)": 10.590100526809692, "encode_passage_time (s)": 0.27373242378234863}