{"build_index_time (s)": 11.320082664489746, "encode_passage_time (s)": 0.430666446685791}