{"build_index_time (s)": 11.738066673278809, "encode_passage_time (s)": 0.4047102928161621}