{"total_encode_time_ms": 1371.261583, "n_encode_query": 100, "average_encode_time_ms": 13.712615829999999}