{"build_index_time (s)": 11.753705978393555, "encode_passage_time (s)": 0.3089110851287842}