{"build_index_time (s)": 19.153506994247437, "encode_passage_time (s)": 0.6874244213104248}