{"total_encode_time_ms": 1598.3504329999998, "n_encode_query": 100, "average_encode_time_ms": 15.983504329999999}