{"build_index_time (s)": 13.048879861831665, "encode_passage_time (s)": 0.49246764183044434}