{"build_index_time (s)": 14.618113994598389, "encode_passage_time (s)": 0.21746563911437988}