{"total_encode_time_ms": 1403.389066, "n_encode_query": 100, "average_encode_time_ms": 14.033890659999999}