{"build_index_time (s)": 13.230069398880005, "encode_passage_time (s)": 0.5009896755218506}