{"build_index_time (s)": 9.986268043518066, "encode_passage_time (s)": 0.2942795753479004}