{"build_index_time (s)": 10.95684814453125, "encode_passage_time (s)": 0.4339170455932617}