{"build_index_time (s)": 12.027968406677246, "encode_passage_time (s)": 0.47600507736206055}