{"build_index_time (s)": 15.331424713134766, "encode_passage_time (s)": 0.5678553581237793}