{"build_index_time (s)": 12.938340663909912, "encode_passage_time (s)": 0.4799349308013916}